sample	batch	sample_code	sample_type	replicate	uniquely_mapped	multi_mapped	unmapped	protein_coding	lncRNA	processed_pseudogene	Other	snoRNA	miRNA	snRNA	transcribed_unprocessed_pseudogene	tRNA	artifact	transgene	rRNA	ribozyme	vault_RNA	total_reads	percent_mapped
44R9PF_1	44R9PF	0.0125% acetic acid	0.0125% acetic acid	replicate_1	17471631	1804499	216830	13275	3576	917	228	41	34	29	18	18	8	4	2	2	0	19492960	98.8876496950694
44R9PF_9	44R9PF	0.0125% acetic acid	0.0125% acetic acid	replicate_2	17880386	1848351	207757	13352	3501	940	225	42	31	30	18	15	8	3	2	2	0	19936494	98.95790603904578
44R9PF_2	44R9PF	0.025% lactic acid	0.025% lactic acid	replicate_1	16928060	1701715	228427	13316	3456	918	227	36	32	26	18	18	9	4	2	2	0	18858202	98.78871273093797
44R9PF_10	44R9PF	0.025% lactic acid	0.025% lactic acid	replicate_2	18516169	1924683	209520	13317	3490	955	220	40	33	24	19	18	8	4	2	2	0	20650372	98.98539358031904
44R9PF_5	44R9PF	500uM 4HPLA	4-Hydroxyphenyllactic acid	replicate_1	17875728	1869426	247592	13236	3470	930	222	37	33	31	17	18	9	3	2	2	0	19992746	98.76159082899368
44R9PF_13	44R9PF	500uM 4HPLA	4-Hydroxyphenyllactic acid	replicate_2	17221682	1809588	211239	13186	3298	900	203	38	33	27	18	15	9	4	2	2	0	19242509	98.902227355071
4M38F8_15	4M38F8	FF0128	Alexandre family farm a2/a2 organic plain yogurt	replicate_1	17265950	1589829	261153	13166	3709	980	284	46	37	46	17	18	8	0	2	2	1	19116932	98.63391782740034
4M38F8_38	4M38F8	FF0128	Alexandre family farm a2/a2 organic plain yogurt	replicate_2	17830710	1844534	260159	13136	3349	936	219	39	33	34	17	20	9	0	2	2	0	19935403	98.69499001349509
NQGVPS_12	NQGVPS	FF0230	Alpha Tolman cheese	replicate_1	18213979	1893430	365799	13099	3583	951	253	34	31	51	17	20	9	0	2	2	0	20473208	98.21327952121621
NQGVPS_35	NQGVPS	FF0230	Alpha Tolman cheese	replicate_2	17418201	1736396	330032	13178	3729	966	281	42	30	41	19	20	9	0	2	1	0	19484629	98.30619305094287
53JTN4_3	53JTN4	FF0190	Alter Eco total blackout 100% cacao chocolate	replicate_1	16744192	1629286	312935	13077	3638	1111	257	46	36	42	18	20	9	0	2	2	0	18686413	98.32533402745621
53JTN4_26	53JTN4	FF0190	Alter Eco total blackout 100% cacao chocolate	replicate_2	15900638	1535829	224277	12889	3191	997	217	45	36	39	15	19	9	0	2	2	0	17660744	98.73008181308784
NQGVPS_20	NQGVPS	FF0238	amazake	replicate_1	18323044	1893590	340791	13079	3654	934	271	35	33	45	17	20	9	0	2	2	0	20557425	98.34224860360673
NQGVPS_43	NQGVPS	FF0238	amazake	replicate_2	17354286	1828360	312902	13105	3653	935	253	38	34	38	18	19	9	0	2	2	0	19495548	98.39500792693798
53JTN4_20	53JTN4	FF0216	Barrio fiesta bagoong hipon	replicate_1	14948813	1346613	217667	12834	3095	966	224	43	35	38	15	18	9	0	2	1	0	16513093	98.68185203099141
53JTN4_43	53JTN4	FF0216	Barrio fiesta bagoong hipon	replicate_2	14043381	1295148	213028	12837	3101	938	200	42	33	29	15	16	9	0	2	2	0	15551557	98.63018217404212
4M38F8_2	4M38F8	FF0241	beet kombucha	replicate_1	17998986	1527908	333442	14058	4868	1042	316	48	29	50	18	21	8	0	2	1	0	19860336	98.32106566575712
4M38F8_25	4M38F8	FF0241	beet kombucha	replicate_2	17376126	1659151	239283	13157	3512	918	240	42	35	41	17	19	9	0	2	2	0	19274560	98.7585553185131
Z6YWP9_14	Z6YWP9	FF0177	Berkeley Bowl kalamata olives pitted	replicate_1	17836137	1579076	311678	13163	3745	1264	274	63	37	43	19	16	9	0	2	2	0	19726891	98.42003486509861
Z6YWP9_37	Z6YWP9	FF0177	Berkeley Bowl kalamata olives pitted	replicate_2	18000713	1631665	254296	13063	3413	1102	237	53	36	34	16	18	9	0	2	2	0	19886674	98.72127435688843
53JTN4_5	53JTN4	FF0192	Braggs apple cider vinegar	replicate_1	16774278	1669759	276207	13102	3560	1082	257	53	33	44	17	18	8	0	2	2	0	18720244	98.5245544876445
53JTN4_28	53JTN4	FF0192	Braggs apple cider vinegar	replicate_2	13546499	1364726	213369	12915	3039	941	179	37	30	24	16	17	8	0	2	2	0	15124594	98.58925799925603
NQGVPS_2	NQGVPS	FF0219	Burlap & Barrel Iru	replicate_1	17129212	1854572	388866	13022	3458	938	255	38	28	43	17	21	9	0	2	2	1	19372650	97.9927062121083
NQGVPS_25	NQGVPS	FF0219	Burlap & Barrel Iru	replicate_2	17035036	1732810	244172	13055	3464	955	268	42	31	44	18	20	8	0	2	2	0	19012018	98.71569656624563
NQGVPS_1	NQGVPS	FF0218	Burlap & Barrel white peppercorns	replicate_1	16933460	1787525	315376	12963	3479	949	268	39	29	47	18	20	8	0	2	2	0	19036361	98.34329680972115
NQGVPS_24	NQGVPS	FF0218	Burlap & Barrel white peppercorns	replicate_2	18401834	1955661	331018	13175	3798	1006	296	50	34	51	17	21	9	0	2	2	1	20688513	98.39999133818849
NQGVPS_11	NQGVPS	FF0229	Cabot Clothbound cheese	replicate_1	18135219	1879265	510935	13144	3711	1020	277	42	34	46	18	20	9	0	2	2	0	20525419	97.51072073120652
NQGVPS_34	NQGVPS	FF0229	Cabot Clothbound cheese	replicate_2	17370157	1723151	342673	13116	3675	932	265	35	30	42	17	16	9	0	2	2	1	19435981	98.23691430857028
53JTN4_6	53JTN4	FF0198	Cafe Colucci injera batter	replicate_1	17683829	1578862	247525	13042	3560	1059	262	55	37	42	18	18	9	0	2	2	0	19510216	98.73130569133627
53JTN4_29	53JTN4	FF0198	Cafe Colucci injera batter	replicate_2	13230678	1212803	188649	12733	2914	880	199	38	31	29	16	16	8	0	2	2	0	14632130	98.71072085882233
53JTN4_7	53JTN4	FF0199	Cafe Colucci injera cooked	replicate_1	17419715	1545031	268352	13071	3485	1026	262	51	32	38	16	18	8	0	2	1	0	19233098	98.60473856057926
53JTN4_30	53JTN4	FF0199	Cafe Colucci injera cooked	replicate_2	16941885	1535905	238308	13058	3367	1036	238	50	32	31	16	18	9	0	2	2	0	18716098	98.72672177715675
4M38F8_3	4M38F8	FF0242	carrot nukazuke	replicate_1	17054959	1700787	362489	13468	4077	1027	298	53	38	46	19	21	9	0	2	2	1	19118235	98.10396200276857
4M38F8_26	4M38F8	FF0242	carrot nukazuke	replicate_2	17178992	1772281	273291	13139	3432	904	236	39	33	39	17	21	9	0	2	2	0	19224564	98.57842809855141
NQGVPS_6	NQGVPS	FF0223	Chantle Sourdough	replicate_1	16979980	1798231	362231	13057	3628	980	272	36	30	47	18	20	9	0	2	1	0	19140442	98.10750974298294
NQGVPS_29	NQGVPS	FF0223	Chantle Sourdough	replicate_2	16875867	1724485	324576	12998	3448	883	258	37	30	40	17	19	9	0	2	2	0	18924928	98.28492874583196
NQGVPS_7	NQGVPS	FF0224	CJ Doenjang	replicate_1	17146905	1788115	498576	12916	3371	876	244	30	29	35	17	18	9	2	2	2	0	19433596	97.43446349301487
NQGVPS_30	NQGVPS	FF0224	CJ Doenjang	replicate_2	17015488	1720173	389823	13040	3677	927	268	39	31	46	17	20	9	0	2	2	1	19125484	97.9617613860125
Z6YWP9_3	Z6YWP9	FF0140	Cultured Beets with fennel	replicate_1	17844672	1625401	338972	13267	3913	1262	303	67	45	40	20	16	9	0	2	1	0	19809045	98.28880190842114
Z6YWP9_26	Z6YWP9	FF0140	Cultured Beets with fennel	replicate_2	18154249	1604503	256328	13178	3646	1164	266	59	40	36	20	16	9	0	2	2	0	20015080	98.71932562847613
53JTN4_10	53JTN4	FF0202	Cultured Pickle Chile paste	replicate_1	17677137	1693816	279850	13042	3481	1067	239	51	36	35	17	19	9	0	2	1	0	19650803	98.57588516866207
53JTN4_33	53JTN4	FF0202	Cultured Pickle Chile paste	replicate_2	15247332	1433268	218068	12862	3085	941	203	42	32	32	15	16	9	0	2	1	0	16898668	98.70955509629516
53JTN4_9	53JTN4	FF0201	Cultured Pickle Indian pickled limes	replicate_1	18228932	1673436	280947	13011	3592	1050	261	55	42	41	17	18	9	0	2	2	0	20183315	98.60802350852673
53JTN4_32	53JTN4	FF0201	Cultured Pickle Indian pickled limes	replicate_2	12000960	1289776	254131	12759	3044	930	194	35	30	25	17	19	9	0	2	1	0	13544867	98.1237837182159
53JTN4_11	53JTN4	FF0203	Cultured Pickle umeboshi	replicate_1	16139819	1567166	317354	12961	3406	1059	234	41	35	32	16	21	9	0	2	2	0	18024339	98.2393029780454
53JTN4_34	53JTN4	FF0203	Cultured Pickle umeboshi	replicate_2	12329626	1202054	182686	12669	2878	857	167	38	27	25	14	15	9	0	2	1	0	13714366	98.66792238153772
NQGVPS_19	NQGVPS	FF0237	cultured sea kraut	replicate_1	16779112	1751913	369875	13027	3567	930	262	40	28	46	17	19	9	0	2	2	0	18900900	98.04308260453206
NQGVPS_42	NQGVPS	FF0237	cultured sea kraut	replicate_2	17924615	1897203	376023	13156	3669	953	267	37	33	42	18	20	9	0	2	2	0	20197841	98.13830101940103
53JTN4_16	53JTN4	FF0210	Cultured spicy okra	replicate_1	18405847	1684900	278963	13060	3448	1040	257	48	36	42	15	18	9	0	2	2	0	20369710	98.63050087605568
53JTN4_39	53JTN4	FF0210	Cultured spicy okra	replicate_2	16870908	1556957	234405	12978	3306	1009	218	44	32	33	17	18	9	0	2	0	0	18662270	98.74396308701996
4M38F8_8	4M38F8	FF0248	dosa batter	replicate_1	17386744	1674945	249586	13167	3615	965	256	45	33	39	17	19	9	0	2	2	0	19311275	98.7075633276415
4M38F8_31	4M38F8	FF0248	dosa batter	replicate_2	18374467	1885776	339777	13299	3551	1008	246	46	35	40	18	19	9	0	2	2	1	20600020	98.35059868873913
Z6YWP9_16	Z6YWP9	FF0179	Dragonfly preserved bean curd in chili oil	replicate_1	18290027	1659495	262026	13089	3561	1166	244	51	45	35	16	16	9	0	2	2	0	20211548	98.70358272409416
Z6YWP9_39	Z6YWP9	FF0179	Dragonfly preserved bean curd in chili oil	replicate_2	17464638	1614851	236049	13073	3410	1123	235	55	39	30	15	16	9	0	2	2	0	19315538	98.77793204621067
NQGVPS_3	NQGVPS	FF0220	Elizabeth Sourdough	replicate_1	17112031	2082590	485339	13165	3829	1026	292	44	31	49	19	21	9	0	2	2	0	19679960	97.53384153219824
NQGVPS_26	NQGVPS	FF0220	Elizabeth Sourdough	replicate_2	17376727	1853510	327936	13154	3609	947	267	39	33	41	19	19	8	0	2	2	0	19558173	98.32327896884847
53JTN4_1	53JTN4	FF0187	Equal Exchange 92% cacao total eclipse chocolate	replicate_1	17389551	1600091	252516	12993	3514	1053	253	50	32	38	19	19	9	0	2	2	0	19242158	98.68769396862868
53JTN4_24	53JTN4	FF0187	Equal Exchange 92% cacao total eclipse chocolate	replicate_2	16808221	1633792	245304	12957	3359	1029	230	47	33	38	16	18	8	0	2	2	0	18687317	98.68732360027927
4M38F8_12	4M38F8	FF0256	fermented black beans (douchi)	replicate_1	3631517	449440	98269	11068	1299	385	52	3	11	2	9	9	7	0	2	0	0	4179226	97.64863158872001
4M38F8_35	4M38F8	FF0256	fermented black beans (douchi)	replicate_2	17335379	1775052	263318	13085	3420	907	232	42	35	36	15	18	9	0	2	2	1	19373749	98.64085159769542
Z6YWP9_2	Z6YWP9	FF0086	Fermented seaweed salad	replicate_1	17338017	1605845	314819	13101	3529	1189	257	60	35	43	18	18	9	0	2	1	0	19258681	98.36531380316232
Z6YWP9_25	Z6YWP9	FF0086	Fermented seaweed salad	replicate_2	16784807	1501678	170571	13144	3383	1130	242	61	39	34	19	18	9	0	2	1	0	18457056	99.07584936622612
4M38F8_4	4M38F8	FF0243	Filmjolk yogurt	replicate_1	18020766	1728560	263802	13218	3772	981	271	51	34	40	18	19	9	0	2	2	0	20013128	98.68185523022687
4M38F8_27	4M38F8	FF0243	Filmjolk yogurt	replicate_2	17089674	1723656	231098	13047	3272	874	217	36	31	37	18	17	8	0	2	1	0	19044428	98.78653220774076
Z6YWP9_19	Z6YWP9	FF0183	Fra'mani salametto salame	replicate_1	16736483	1550323	249672	13071	3259	1081	219	46	38	27	18	15	9	0	2	2	0	18536478	98.65307746164078
Z6YWP9_42	Z6YWP9	FF0183	Fra'mani salametto salame	replicate_2	17989340	1615813	259965	13154	3459	1154	244	58	37	32	17	17	9	0	2	2	0	19865118	98.69134932900977
NQGVPS_16	NQGVPS	FF0234	Gochujang	replicate_1	17411979	1810334	400604	12927	3553	949	277	44	37	46	15	20	9	0	2	2	1	19622917	97.95848904625139
NQGVPS_39	NQGVPS	FF0234	Gochujang	replicate_2	18423050	1899628	371988	13056	3677	976	267	44	32	48	18	19	9	0	2	2	0	20694666	98.20249333813844
Z6YWP9_15	Z6YWP9	FF0178	Golden State Pickle Works cabbage w/ caraway	replicate_1	17765492	1572910	252118	13038	3369	1128	243	58	40	35	18	18	9	1	2	2	0	19590520	98.71306121532251
Z6YWP9_38	Z6YWP9	FF0178	Golden State Pickle Works cabbage w/ caraway	replicate_2	18132041	1746056	295931	13031	3134	1161	215	49	31	26	16	18	9	0	2	2	0	20174028	98.53310900530127
4M38F8_16	4M38F8	FF0130	good culture cottage cheese	replicate_1	18079677	1759740	274837	13244	3746	982	264	51	35	48	16	19	9	0	2	2	1	20114254	98.63362071494176
4M38F8_39	4M38F8	FF0130	good culture cottage cheese	replicate_2	17956296	1844837	248151	13093	3366	926	216	40	31	36	18	18	8	0	2	2	1	20049284	98.76229495277737
Z6YWP9_10	Z6YWP9	FF0173	GT's kombucha	replicate_1	18115203	1716903	272237	13227	3738	1157	252	60	37	36	20	18	9	0	2	2	0	20104343	98.64587964898928
Z6YWP9_33	Z6YWP9	FF0173	GT's kombucha	replicate_2	10366618	948368	143844	12325	2520	734	133	28	20	24	13	13	8	0	2	0	0	11458830	98.74468859386167
NQGVPS_14	NQGVPS	FF0232	Harbison Cheese	replicate_1	16852709	1841538	465128	13045	3534	968	264	36	30	40	20	20	9	0	2	2	0	19159375	97.57232164410374
NQGVPS_37	NQGVPS	FF0232	Harbison Cheese	replicate_2	18472038	1865388	358151	13097	3688	976	274	41	33	44	17	19	9	0	2	2	0	20695577	98.26943215934496
Z6YWP9_12	Z6YWP9	FF0175	Huy fong sriracha chili sauce	replicate_1	17475437	1606709	264735	13091	3525	1102	223	51	36	32	20	18	10	0	2	2	0	19346881	98.6316399010259
Z6YWP9_35	Z6YWP9	FF0175	Huy fong sriracha chili sauce	replicate_2	17807650	1668719	251199	13170	3427	1123	236	54	38	32	20	17	10	0	2	2	0	19727568	98.72666007284832
44R9PF_3	44R9PF	400uM ILA	Indole-3-lactic acid	replicate_1	18488942	1907440	243445	13324	3546	943	226	37	34	29	18	17	9	4	2	2	0	20639827	98.82050852461118
44R9PF_11	44R9PF	400uM ILA	Indole-3-lactic acid	replicate_2	18208155	1848046	198088	13242	3474	925	223	40	35	27	19	19	9	4	2	2	0	20254289	99.02199479823754
44R9PF_6	44R9PF	ruxolitinib	Jak/Stat inhibitor ruxolitinib	replicate_1	17491172	1922424	228078	13275	3553	974	234	34	35	31	19	17	9	3	2	2	0	19641674	98.83880569446372
44R9PF_14	44R9PF	ruxolitinib	Jak/Stat inhibitor ruxolitinib	replicate_2	17351416	1817362	179611	13284	3485	905	216	36	33	23	17	18	9	4	2	1	0	19348389	99.0717004914466
4M38F8_21	4M38F8	ruxolitinib	Jak/Stat inhibitor ruxolitinib	replicate_3	17173168	1749773	235237	13071	3595	917	249	33	31	41	18	19	9	0	2	2	0	19158178	98.77213271533442
4M38F8_44	4M38F8	ruxolitinib	Jak/Stat inhibitor ruxolitinib	replicate_4	17518245	1896330	224737	13020	3273	849	200	31	29	28	18	18	9	0	2	2	0	19639312	98.85567783637227
NQGVPS_21	NQGVPS	ruxolitinib	Jak/Stat inhibitor ruxolitinib	replicate_5	17655613	1864055	321488	12990	3683	936	252	31	29	47	20	22	9	0	2	1	0	19841156	98.37969118331613
NQGVPS_44	NQGVPS	ruxolitinib	Jak/Stat inhibitor ruxolitinib	replicate_6	16766854	1796605	307822	12955	3583	879	237	37	31	43	17	19	8	0	2	2	0	18871281	98.36883357308919
4M38F8_1	4M38F8	FF0239	jalapeno kasuzuke (18mo)	replicate_1	18428070	1713114	311236	13167	3800	978	281	47	32	49	18	20	9	0	2	1	0	20452420	98.47824365038464
4M38F8_24	4M38F8	FF0239	jalapeno kasuzuke (18mo)	replicate_2	17927973	1807290	324380	13180	3558	952	258	39	32	43	19	20	9	0	2	2	0	20059643	98.3829223680601
Z6YWP9_20	Z6YWP9	FF0184	Journeyman meat co saucisson sec salame	replicate_1	16686875	1448389	235091	13114	3398	1096	242	48	35	31	18	15	9	0	2	1	0	18370355	98.72026969538695
Z6YWP9_43	Z6YWP9	FF0184	Journeyman meat co saucisson sec salame	replicate_2	17783417	1606130	235559	13090	3356	1137	230	53	35	35	18	17	9	0	2	2	0	19625106	98.79970584617479
4M38F8_7	4M38F8	FF0247	kefir	replicate_1	17927186	1691988	304856	13219	3779	1007	274	47	36	45	20	19	9	0	2	2	0	19924030	98.46990794533033
4M38F8_30	4M38F8	FF0247	kefir	replicate_2	18614653	1856506	271256	13150	3467	959	245	40	33	44	16	18	9	0	2	2	0	20742415	98.69226413607095
4M38F8_14	4M38F8	FF0123	kefirlab probiotic kefir	replicate_1	18125923	1877105	313085	13219	3513	963	237	40	30	37	19	20	9	0	2	2	0	20316113	98.45893257238725
4M38F8_37	4M38F8	FF0123	kefirlab probiotic kefir	replicate_2	16897833	1743484	222277	13025	3203	864	195	35	31	34	17	19	9	0	2	1	0	18863594	98.8216614500927
4M38F8_20	4M38F8	FF0262	Kelly Franson amazake	replicate_1	17084597	1662869	266211	13067	3442	939	232	37	35	40	15	19	9	0	2	1	0	19013677	98.59989732654026
4M38F8_43	4M38F8	FF0262	Kelly Franson amazake	replicate_2	17059455	1761862	227558	13089	3256	884	208	38	32	30	17	17	9	0	2	1	0	19048875	98.80539926898571
53JTN4_18	53JTN4	FF0212	Kopabana cassava couscous / attieke	replicate_1	15385399	1437919	243944	12887	3152	977	221	44	31	36	15	18	9	0	2	2	0	17067262	98.57069048333588
53JTN4_41	53JTN4	FF0212	Kopabana cassava couscous / attieke	replicate_2	17247227	1518407	231856	13026	3409	1015	248	49	36	33	17	18	9	0	2	2	0	18997490	98.7795440345014
53JTN4_17	53JTN4	FF0211	Kopabana cassava fufu	replicate_1	17526188	1637274	232101	12978	3377	991	241	53	36	37	19	17	9	0	2	2	0	19395563	98.80332940064694
53JTN4_40	53JTN4	FF0211	Kopabana cassava fufu	replicate_2	14119378	1396856	226554	12815	3079	977	204	38	28	29	16	18	8	0	2	2	0	15742788	98.56090293536316
4M38F8_17	4M38F8	FF0137	le gryuere switzerland	replicate_2	17857355	1692002	258940	13227	3696	983	255	46	34	41	18	19	9	0	2	2	0	19808297	98.69277000440775
4M38F8_40	4M38F8	FF0137	le gryuere switzerland	replicate_3	18016168	1853327	282727	13204	3459	929	237	35	33	37	18	20	9	0	2	2	0	20152222	98.59704304567506
DNWTWM_4	DNWTWM	FF0137	le gryuere switzerland	replicate_1	17424767	2044177	301225	13416	3666	1177	231	38	34	42	16	20	9	0	2	2	1	19770169	98.47636608468041
Z6YWP9_18	Z6YWP9	FF0181	Lightlife organic tempeh original	replicate_1	18041950	1649218	259591	13190	3567	1131	240	52	42	32	19	18	9	0	2	2	0	19950759	98.69884148267242
Z6YWP9_41	Z6YWP9	FF0181	Lightlife organic tempeh original	replicate_2	17087358	1625138	184441	13069	3189	1045	222	45	37	23	18	15	9	0	2	2	0	18896937	99.02396351324026
Z6YWP9_4	Z6YWP9	FF0141	local culture beet + fennel	replicate_1	18309904	1641427	264578	13161	3690	1175	279	58	38	38	20	16	9	0	2	2	0	20215909	98.69123866752665
Z6YWP9_27	Z6YWP9	FF0141	local culture beet + fennel	replicate_2	17057718	1496393	233855	13140	3556	1121	257	52	40	31	18	17	9	0	2	1	0	18787966	98.75529368107223
44R9PF_7	44R9PF	POS	positive control	replicate_7	18070848	1833598	229629	13283	3524	950	238	39	33	30	17	18	9	2	2	2	0	20134075	98.85950062270057
44R9PF_15	44R9PF	POS	positive control	replicate_8	17449246	1763939	198467	13244	3393	924	213	42	34	25	18	18	9	4	2	2	0	19411652	98.97758830623998
4M38F8_22	4M38F8	POS	positive control	replicate_5	18298766	1871741	328081	13288	3814	994	268	40	38	41	19	22	8	0	2	2	0	20498588	98.39949463836241
4M38F8_45	4M38F8	POS	positive control	replicate_6	17655201	1761999	235558	13226	3588	940	238	45	31	38	19	19	9	0	2	2	1	19652758	98.80139978317547
53JTN4_22	53JTN4	POS	positive control	replicate_9	13544112	1330049	274459	12844	3221	968	222	35	28	30	16	19	9	0	2	1	0	15148620	98.18822440591948
53JTN4_45	53JTN4	POS	positive control	replicate_10	15584339	1497987	218150	12894	3164	963	197	43	36	31	17	17	9	0	2	2	0	17300476	98.73905203533128
DNWTWM_22	DNWTWM	POS	positive control	replicate_1	16795566	2024542	266796	13317	3610	1144	233	47	38	39	17	20	9	0	2	2	2	19086904	98.6022038985474
NQGVPS_22	NQGVPS	POS	positive control	replicate_3	17604006	2047890	547180	13086	3812	970	279	34	27	45	20	21	9	0	2	2	0	20199076	97.29106420511513
NQGVPS_45	NQGVPS	POS	positive control	replicate_4	18348113	1900884	343992	13121	3691	956	264	36	33	49	17	18	9	1	2	2	0	20592989	98.32956740762596
Z6YWP9_22	Z6YWP9	POS	positive control	replicate_11	16786182	1536837	326031	13079	3566	1211	255	54	36	36	20	19	9	0	2	2	0	18649050	98.25175545135006
Z6YWP9_45	Z6YWP9	POS	positive control	replicate_12	18187354	1618845	213067	13219	3598	1148	266	57	37	36	19	18	9	0	2	2	0	20019266	98.93569024958258
Z6YWP9_13	Z6YWP9	FF0176	Mani pitted castelvetrano olives	replicate_1	18266585	1711524	256281	13064	3409	1134	245	55	37	30	18	16	9	0	2	2	0	20234390	98.73343846787573
Z6YWP9_36	Z6YWP9	FF0176	Mani pitted castelvetrano olives	replicate_2	7592685	824104	123160	11989	1838	673	89	21	19	5	11	12	9	0	2	1	0	8539949	98.55783682080536
4M38F8_10	4M38F8	FF0251	millet dosa	replicate_1	17856931	1754040	290598	13184	3641	1005	263	53	31	44	16	20	9	0	2	2	0	19901569	98.53982366917904
4M38F8_33	4M38F8	FF0251	millet dosa	replicate_2	17345029	1685215	261920	13097	3382	893	239	38	33	35	17	19	9	0	2	2	1	19292164	98.64235033457108
4M38F8_9	4M38F8	FF0250	millet dosa batter	replicate_1	16964767	1613723	259087	13117	3520	945	252	46	32	43	18	19	9	0	2	1	0	18837577	98.62462672348997
4M38F8_32	4M38F8	FF0250	millet dosa batter	replicate_2	16689422	1926001	334413	13183	3440	980	240	40	34	34	17	22	9	0	2	2	0	18949836	98.23527232636737
NQGVPS_18	NQGVPS	FF0236	morel mushroom miso	replicate_1	3419988	396694	96676	10845	1202	352	46	6	13	2	8	13	7	0	2	0	0	3913358	97.52958967720305
NQGVPS_41	NQGVPS	FF0236	morel mushroom miso	replicate_2	18374609	1864006	362481	13140	3678	956	260	43	35	46	19	20	9	0	2	2	0	20601096	98.24047710859656
NQGVPS_13	NQGVPS	FF0231	Moses Sleeper cheese	replicate_1	16806293	1702897	378873	12970	3437	912	257	32	30	44	16	18	9	0	2	2	0	18888063	97.994114060293
NQGVPS_36	NQGVPS	FF0231	Moses Sleeper cheese	replicate_2	17776480	1789596	345203	13147	3693	967	266	40	32	47	18	20	9	0	2	2	0	19911279	98.2662941943609
53JTN4_21	53JTN4	PDTC	NFKB inhibitor PDTC	replicate_2	14719096	1359601	213386	12809	3081	942	210	37	33	29	16	16	9	0	2	2	0	16292083	98.69024728145565
53JTN4_44	53JTN4	PDTC	NFKB inhibitor PDTC	replicate_3	13901086	1334973	193741	12784	2921	891	179	33	36	24	16	18	8	0	2	1	0	15429800	98.7443712815461
DNWTWM_21	DNWTWM	PDTC	NFKB inhibitor PDTC	replicate_4	17316388	2057477	265411	13230	3488	1110	224	45	35	39	16	20	9	0	2	2	2	19639276	98.64857034444651
Z6YWP9_21	Z6YWP9	PDTC	NFKB inhibitor PDTC	replicate_5	18338372	1642953	277524	13058	3485	1140	249	53	41	35	18	17	9	0	2	2	0	20258849	98.63010973624414
Z6YWP9_44	Z6YWP9	PDTC	NFKB inhibitor PDTC	replicate_6	16702829	1655314	193941	12969	2960	1001	168	42	35	19	16	16	9	0	2	2	0	18552084	98.95461340084488
44R9PF_8	44R9PF	NEG	negative control	replicate_7	17853669	2036913	162199	13408	3829	1029	233	48	29	27	19	18	8	4	2	2	0	20052781	99.19113962297797
44R9PF_16	44R9PF	NEG	negative control	replicate_8	18051387	2007558	170542	13246	3706	1021	219	41	32	27	18	17	8	3	2	2	0	20229487	99.15696329817953
4M38F8_23	4M38F8	NEG	negative control	replicate_5	17400798	1828276	192645	13214	4072	1085	267	49	30	43	20	18	8	0	2	2	0	19421719	99.00809500950972
4M38F8_46	4M38F8	NEG	negative control	replicate_6	18261969	2048626	212439	13135	3767	970	227	36	30	33	17	20	8	0	2	2	0	20523034	98.96487527136583
53JTN4_23	53JTN4	NEG	negative control	replicate_9	16813866	1735504	192399	12867	3487	1077	226	40	36	38	19	19	8	0	2	1	0	18741769	98.97342134565847
53JTN4_46	53JTN4	NEG	negative control	replicate_10	18212713	1863732	220255	13049	3762	1154	235	46	33	28	17	21	8	0	2	1	0	20296700	98.9148235920125
DNWTWM_23	DNWTWM	NEG	negative control	replicate_1	17445072	2359635	198267	13300	3851	1252	233	40	34	41	19	20	8	0	2	2	1	20002974	99.00881238959767
NQGVPS_23	NQGVPS	NEG	negative control	replicate_3	18341767	2128419	256047	13010	3760	1050	258	49	32	43	18	21	8	0	2	2	0	20726233	98.76462355701588
NQGVPS_46	NQGVPS	NEG	negative control	replicate_4	17122288	1985019	271001	13016	3696	1004	234	40	30	35	18	20	8	0	2	2	0	19378308	98.60152393077868
Z6YWP9_23	Z6YWP9	NEG	negative control	replicate_11	17853105	1717072	205980	13078	3869	1230	246	54	35	30	20	19	9	0	2	1	0	19776157	98.9584427348549
Z6YWP9_46	Z6YWP9	NEG	negative control	replicate_12	18070464	1857114	218353	13054	3764	1225	222	49	33	23	19	17	9	0	2	0	0	20145931	98.91614341377422
Z6YWP9_17	Z6YWP9	FF0180	NY natto black	replicate_1	17909749	1537082	222900	13197	3707	1163	260	63	40	33	21	18	9	0	2	2	0	19669731	98.86678673948312
Z6YWP9_40	Z6YWP9	FF0180	NY natto black	replicate_2	16885819	1560902	244955	13101	3414	1153	239	53	37	33	17	17	9	0	2	2	0	18691676	98.68949686480762
44R9PF_4	44R9PF	100uM PLA	Phenyllactic acid	replicate_1	17060052	1723160	212092	13229	3460	930	225	38	33	29	19	16	8	4	2	2	0	18995304	98.88345035172904
44R9PF_12	44R9PF	100uM PLA	Phenyllactic acid	replicate_2	18519844	1970070	232800	13235	3341	919	220	37	32	25	18	18	8	3	2	2	0	20722714	98.8765950251497
4M38F8_5	4M38F8	FF0245	Piima yogurt	replicate_1	17199072	1703228	329251	13192	3780	1017	271	43	32	48	19	19	9	0	2	2	0	19231551	98.2879643976713
4M38F8_28	4M38F8	FF0245	Piima yogurt	replicate_2	16974379	1657231	275900	13150	3418	936	230	43	36	40	17	19	8	0	2	2	0	18907510	98.54079146328628
Z6YWP9_9	Z6YWP9	FF0172	rejuvelac	replicate_1	17050725	1489574	247702	13127	3675	1156	260	66	40	34	19	16	9	0	2	2	0	18788001	98.68159470504607
Z6YWP9_32	Z6YWP9	FF0172	rejuvelac	replicate_2	17291362	1812947	283704	13086	3444	1178	227	54	38	26	18	16	9	0	2	2	0	19388013	98.53670409649509
NQGVPS_4	NQGVPS	FF0221	Shastha Foods Idli/Idli batter	replicate_1	17248457	1770023	323908	13041	3588	952	263	33	31	45	18	20	9	0	2	2	0	19342388	98.32539808424896
NQGVPS_27	NQGVPS	FF0221	Shastha Foods Idli/Idli batter	replicate_2	18229114	1821245	327760	13126	3676	954	268	42	32	41	18	19	8	0	2	2	0	20378119	98.391608175416
Z6YWP9_5	Z6YWP9	FF0142	Sinto Gourmet kraut-chi crunchy beet	replicate_1	17606265	1583252	298555	13119	3668	1214	268	64	39	47	19	16	9	0	2	1	0	19488072	98.46801161243657
Z6YWP9_28	Z6YWP9	FF0142	Sinto Gourmet kraut-chi crunchy beet	replicate_2	16956795	1560392	240023	13093	3379	1111	242	56	38	31	15	17	9	0	2	2	0	18757210	98.7203693939557
4M38F8_13	4M38F8	FF0121	Straus organic kefir	replicate_2	17874615	1744510	271864	13187	3541	954	253	44	36	43	17	18	8	0	2	1	0	19890989	98.63323035370438
4M38F8_36	4M38F8	FF0121	Straus organic kefir	replicate_3	18069558	1872186	240019	13119	3261	890	213	34	30	30	18	19	8	0	2	2	0	20181763	98.81071341487856
DNWTWM_2	DNWTWM	FF0121	Straus organic kefir	replicate_1	16571961	2045017	288975	13427	3569	1182	220	45	32	36	17	21	9	0	2	1	0	18905953	98.47151317894422
53JTN4_15	53JTN4	FF0209	Taro brand sour poi	replicate_1	15137527	1401912	225135	12836	3166	941	225	41	32	32	17	17	9	0	2	2	0	16764574	98.65707890937163
53JTN4_38	53JTN4	FF0209	Taro brand sour poi	replicate_2	13634766	1321786	225472	12820	2985	969	191	35	29	24	17	17	9	0	2	2	0	15182024	98.51487522348799
53JTN4_2	53JTN4	FF0188	Taza 95% dark chocolate wicked dark chocolate	replicate_1	18026765	1619345	288784	13155	3672	1032	264	49	34	44	17	22	9	0	2	2	0	19934894	98.55136425606275
53JTN4_25	53JTN4	FF0188	Taza 95% dark chocolate wicked dark chocolate	replicate_2	17401545	1656112	207466	13030	3452	1031	249	52	35	34	18	17	9	0	2	1	0	19265123	98.92310056883623
53JTN4_4	53JTN4	FF0191	The Tao of Tea organic Topaz puer	replicate_1	17570941	1653265	239235	13001	3522	1029	262	49	36	42	18	19	9	0	2	2	0	19463441	98.77084940941326
53JTN4_27	53JTN4	FF0191	The Tao of Tea organic Topaz puer	replicate_2	13645250	1402785	184699	12684	2895	899	195	43	29	24	15	15	9	0	2	1	0	15232734	98.78748621225841
NQGVPS_17	NQGVPS	FF0235	Turmeric, Ginger, Jalepeno sauerkraut	replicate_1	18426835	1845700	346713	13043	3488	940	262	40	34	47	17	19	9	0	2	2	0	20619248	98.31849832738808
NQGVPS_40	NQGVPS	FF0235	Turmeric, Ginger, Jalepeno sauerkraut	replicate_2	17731807	1901580	393230	13057	3480	929	239	37	36	41	17	20	9	0	2	2	1	20026617	98.03646317298623
4M38F8_6	4M38F8	FF0246	Viili yogurt	replicate_1	17019866	1947488	262670	12959	3139	937	198	31	30	27	19	17	9	0	2	2	1	19230024	98.63406306721198
4M38F8_29	4M38F8	FF0246	Viili yogurt	replicate_2	17548619	1757292	247447	13087	3409	916	231	35	32	40	15	18	9	0	2	2	0	19553358	98.7345038125932
53JTN4_19	53JTN4	FF0213	Wala ga kenkey	replicate_1	13856650	1253308	227230	12783	2959	933	212	38	32	30	14	15	9	0	2	2	0	15337188	98.51843766927809
53JTN4_42	53JTN4	FF0213	Wala ga kenkey	replicate_2	14136209	1302747	233273	12858	3048	954	193	38	30	32	16	19	9	0	2	2	0	15672229	98.51155186668088
4M38F8_11	4M38F8	FF0254	water kefir	replicate_1	17847901	1726842	305526	13275	3783	1027	289	50	34	47	18	21	9	0	2	2	0	19880269	98.46316968849868
4M38F8_34	4M38F8	FF0254	water kefir	replicate_2	18329956	1880988	247606	13135	3422	917	231	40	32	37	17	19	9	0	2	2	0	20458550	98.78971872395648
53JTN4_14	53JTN4	FF0206	Wild West Ferments Chili paste	replicate_1	14343561	1383548	258016	12854	3160	995	206	35	33	33	16	16	9	0	2	2	0	15985125	98.38589939083992
53JTN4_37	53JTN4	FF0206	Wild West Ferments Chili paste	replicate_2	14067069	1324142	211837	12811	3004	908	202	41	32	33	18	17	9	0	2	1	0	15603048	98.64233577952206
Z6YWP9_6	Z6YWP9	FF0143	wild west ferments moroccan beets	replicate_1	17439355	1524424	266526	13178	3715	1180	271	55	44	39	19	16	9	0	2	2	0	19230305	98.61403134271661
Z6YWP9_29	Z6YWP9	FF0143	wild west ferments moroccan beets	replicate_2	17631370	1584785	234109	13158	3489	1138	257	49	40	38	18	16	9	0	2	2	0	19450264	98.79637109295791
53JTN4_13	53JTN4	FF0205	Wild West Ferments preserved lemon	replicate_1	14602762	1352716	219930	12842	3133	955	216	39	31	27	16	18	9	0	2	2	0	16175408	98.64034341513982
53JTN4_36	53JTN4	FF0205	Wild West Ferments preserved lemon	replicate_2	16984982	1604919	241115	13018	3380	997	222	49	37	32	18	19	9	0	2	2	0	18831016	98.71958581523164
4M38F8_18	4M38F8	FF0146	wild west ferments signature sauerkraut	replicate_2	18018803	1751813	262713	13180	3615	963	260	54	33	43	17	19	9	0	2	2	0	20033329	98.68862034862003
4M38F8_41	4M38F8	FF0146	wild west ferments signature sauerkraut	replicate_3	17373904	1806254	198965	13102	3209	901	215	32	31	31	15	20	9	0	2	1	0	19379123	98.9733023522272
DNWTWM_8	DNWTWM	FF0146	wild west ferments signature sauerkraut	replicate_1	16575687	2044310	287622	13307	3601	1132	252	44	30	46	18	19	10	0	2	2	1	18907619	98.47880370341713
DNWTWM_7	DNWTWM	FF0145	wild west ferments simply sauerkraut	replicate_3	17097808	2097741	297676	13437	3755	1184	250	51	39	42	17	20	10	0	2	2	0	19493225	98.4729258498786
Z6YWP9_8	Z6YWP9	FF0145	wild west ferments simply sauerkraut	replicate_1	17582717	1602085	255577	13097	3494	1142	259	58	39	29	20	17	9	0	2	2	0	19440379	98.68532912861421
Z6YWP9_31	Z6YWP9	FF0145	wild west ferments simply sauerkraut	replicate_2	17712073	1655276	254825	13210	3536	1223	264	61	37	35	19	19	9	0	2	2	0	19622174	98.70134165561879
53JTN4_12	53JTN4	FF0204	Wild West Ferments spicy Italian pickle	replicate_1	17001551	1551867	235795	12999	3376	1033	246	54	36	38	15	18	9	0	2	2	0	18789213	98.74505121635482
53JTN4_35	53JTN4	FF0204	Wild West Ferments spicy Italian pickle	replicate_2	15872745	1563839	233560	12929	3113	980	222	46	36	28	16	16	9	0	2	2	0	17670144	98.67822242987945
Z6YWP9_11	Z6YWP9	FF0174	Wildbrine probiotic sriracha	replicate_1	16807778	1550677	290416	13108	3412	1188	256	58	39	34	17	18	10	0	2	2	0	18648871	98.44271537939213
Z6YWP9_34	Z6YWP9	FF0174	Wildbrine probiotic sriracha	replicate_2	16681570	1528590	212272	13152	3391	1083	233	49	39	29	21	17	9	0	2	2	0	18422432	98.84775256600214
4M38F8_19	4M38F8	FF0149	wildbrine raw organic kraut	replicate_2	18656987	1781247	319773	13167	3680	993	276	40	34	46	18	19	9	0	2	2	1	20758007	98.45951974098477
4M38F8_42	4M38F8	FF0149	wildbrine raw organic kraut	replicate_3	18527948	1879580	274624	13231	3432	933	236	35	35	33	16	19	8	0	2	2	1	20682152	98.67216912437353
DNWTWM_9	DNWTWM	FF0149	wildbrine raw organic kraut	replicate_1	17114808	1961131	297423	13418	3797	1188	268	39	35	47	19	21	9	0	2	2	0	19373362	98.46478375823463
Z6YWP9_7	Z6YWP9	FF0144	wildbrine red beet & cabbage	replicate_1	16922343	1446754	249947	13113	3631	1152	265	51	38	35	17	16	9	0	2	1	0	18619044	98.65757339635698
Z6YWP9_30	Z6YWP9	FF0144	wildbrine red beet & cabbage	replicate_2	17245072	1636452	213317	13067	3303	1087	214	54	34	30	17	16	9	0	2	2	0	19094841	98.88285532202127
NQGVPS_15	NQGVPS	FF0233	Winnimere cheese	replicate_1	16869439	1706444	402293	12910	3419	929	247	37	29	48	17	18	9	0	2	2	0	18978176	97.88023359041459
NQGVPS_38	NQGVPS	FF0233	Winnimere cheese	replicate_2	18000345	1869089	408977	13100	3677	988	264	40	34	44	18	20	9	0	2	2	1	20278411	97.98319010301152
53JTN4_8	53JTN4	FF0200	Wise Goat honey fermented garlic	replicate_1	17683676	1604028	261314	13093	3588	1080	271	57	41	45	20	18	9	0	2	1	0	19549018	98.66328835545602
53JTN4_31	53JTN4	FF0200	Wise Goat honey fermented garlic	replicate_2	15055234	1496603	279768	12990	3257	1032	213	44	29	31	18	20	8	0	2	1	0	16831605	98.33784122191555
