,Uniquely Mapped,Multi-mapped,Unmapped
FF0187_1,17389551,1600091,252516
FF0188_1,18026765,1619345,288784
FF0190_1,16744192,1629286,312935
FF0191_1,17570941,1653265,239235
FF0192_1,16774278,1669759,276207
FF0198_1,17683829,1578862,247525
FF0199_1,17419715,1545031,268352
FF0200_1,17683676,1604028,261314
FF0201_1,18228932,1673436,280947
FF0202_1,17677137,1693816,279850
FF0203_1,16139819,1567166,317354
FF0204_1,17001551,1551867,235795
FF0205_1,14602762,1352716,219930
FF0206_1,14343561,1383548,258016
FF0209_1,15137527,1401912,225135
FF0210_1,18405847,1684900,278963
FF0211_1,17526188,1637274,232101
FF0212_1,15385399,1437919,243944
FF0213_1,13856650,1253308,227230
FF0216_1,14948813,1346613,217667
PDTC_1,14719096,1359601,213386
POS_1,13544112,1330049,274459
NEG_1,16813866,1735504,192399
FF0187_2,16808221,1633792,245304
FF0188_2,17401545,1656112,207466
FF0190_2,15900638,1535829,224277
FF0191_2,13645250,1402785,184699
FF0192_2,13546499,1364726,213369
FF0198_2,13230678,1212803,188649
FF0199_2,16941885,1535905,238308
FF0200_2,15055234,1496603,279768
FF0201_2,12000960,1289776,254131
FF0202_2,15247332,1433268,218068
FF0203_2,12329626,1202054,182686
FF0204_2,15872745,1563839,233560
FF0205_2,16984982,1604919,241115
FF0206_2,14067069,1324142,211837
FF0209_2,13634766,1321786,225472
FF0210_2,16870908,1556957,234405
FF0211_2,14119378,1396856,226554
FF0212_2,17247227,1518407,231856
FF0213_2,14136209,1302747,233273
FF0216_2,14043381,1295148,213028
PDTC_2,13901086,1334973,193741
POS_2,15584339,1497987,218150
NEG_2,18212713,1863732,220255
