,protein_coding,lncRNA,processed_pseudogene,Other,snoRNA,miRNA,snRNA,transcribed_unprocessed_pseudogene,tRNA,artifact,transgene,rRNA,ribozyme,vault_RNA
sample_1,13275,3576,917,228,41,34,29,18,18,8,4,2,2,0
sample_2,13316,3456,918,227,36,32,26,18,18,9,4,2,2,0
sample_3,13324,3546,943,226,37,34,29,18,17,9,4,2,2,0
sample_4,13229,3460,930,225,38,33,29,19,16,8,4,2,2,0
sample_5,13236,3470,930,222,37,33,31,17,18,9,3,2,2,0
sample_6,13275,3553,974,234,34,35,31,19,17,9,3,2,2,0
sample_7,13283,3524,950,238,39,33,30,17,18,9,2,2,2,0
sample_8,13408,3829,1029,233,48,29,27,19,18,8,4,2,2,0
sample_9,13352,3501,940,225,42,31,30,18,15,8,3,2,2,0
sample_10,13317,3490,955,220,40,33,24,19,18,8,4,2,2,0
sample_11,13242,3474,925,223,40,35,27,19,19,9,4,2,2,0
sample_12,13235,3341,919,220,37,32,25,18,18,8,3,2,2,0
sample_13,13186,3298,900,203,38,33,27,18,15,9,4,2,2,0
sample_14,13284,3485,905,216,36,33,23,17,18,9,4,2,1,0
sample_15,13244,3393,924,213,42,34,25,18,18,9,4,2,2,0
sample_16,13246,3706,1021,219,41,32,27,18,17,8,3,2,2,0
sample_17,13251,3216,886,197,40,33,22,17,16,9,4,2,2,0
sample_18,13391,3533,969,220,47,32,26,19,17,9,4,2,2,0
sample_19,13324,3436,897,207,38,32,27,18,17,9,4,2,2,0
sample_20,13356,3528,952,214,43,35,25,18,16,9,3,2,2,0
sample_21,13346,3380,898,195,37,34,28,17,17,9,4,2,1,0
