,protein_coding,lncRNA,processed_pseudogene,Other,snoRNA,snRNA,miRNA,tRNA,transcribed_unprocessed_pseudogene,artifact,rRNA,ribozyme,vault_RNA,transgene
sample_1,13411,3661,1159,253,48,41,32,19,17,9,2,2,0,0
sample_2,13427,3569,1182,220,45,36,32,21,17,9,2,1,0,0
sample_3,13473,3684,1176,241,48,41,36,19,18,8,2,2,0,0
sample_4,13416,3666,1177,231,38,42,34,20,16,9,2,2,1,0
sample_5,13407,3823,1180,274,44,48,38,21,19,9,2,2,1,0
sample_6,13503,3976,1288,274,57,50,38,20,18,9,2,2,1,0
sample_7,13437,3755,1184,250,51,42,39,20,17,10,2,2,0,0
sample_8,13307,3601,1132,252,44,46,30,19,18,10,2,2,1,0
sample_9,13418,3797,1188,268,39,47,35,21,19,9,2,2,0,0
sample_10,13577,4132,1261,277,37,44,34,21,17,9,2,2,1,0
sample_11,13442,3717,1266,239,42,41,34,20,16,10,2,2,1,0
sample_12,13518,3874,1245,266,48,41,37,20,20,10,2,2,1,0
sample_13,13403,3850,1195,272,44,49,37,20,19,9,2,2,1,0
sample_14,13368,3746,1154,247,36,39,36,19,18,9,2,2,0,0
sample_15,13326,3671,1118,227,44,38,37,20,17,10,2,2,1,0
sample_16,13414,3637,1200,220,43,41,34,21,16,9,2,2,1,0
sample_17,13256,3256,1070,185,29,31,30,19,16,9,2,2,0,0
sample_18,13475,3883,1189,249,36,47,36,19,17,10,2,2,0,0
sample_19,13441,3752,1248,252,37,47,34,20,17,10,2,2,2,0
sample_20,13524,3684,1254,227,39,40,38,22,16,10,2,2,0,0
sample_21,13230,3488,1110,224,45,39,35,20,16,9,2,2,2,0
sample_22,13317,3610,1144,233,47,39,38,20,17,9,2,2,2,0
sample_23,13300,3851,1252,233,40,41,34,20,19,8,2,2,1,0
