,protein_coding,lncRNA,processed_pseudogene,Other,snRNA,snoRNA,miRNA,tRNA,transcribed_unprocessed_pseudogene,artifact,rRNA,ribozyme,vault_RNA,transgene
sample_1,12963,3479,949,268,47,39,29,20,18,8,2,2,0,0
sample_2,13022,3458,938,255,43,38,28,21,17,9,2,2,1,0
sample_3,13165,3829,1026,292,49,44,31,21,19,9,2,2,0,0
sample_4,13041,3588,952,263,45,33,31,20,18,9,2,2,0,0
sample_5,11617,1762,502,62,4,8,16,14,11,7,2,2,1,0
sample_6,13057,3628,980,272,47,36,30,20,18,9,2,1,0,0
sample_7,12916,3371,876,244,35,30,29,18,17,9,2,2,0,2
sample_8,7650,428,183,10,1,0,7,8,0,5,2,0,0,0
sample_9,12978,3676,930,265,47,35,31,22,18,9,2,2,0,0
sample_10,1445,88,33,2,0,0,2,0,0,1,2,0,0,0
sample_11,13144,3711,1020,277,46,42,34,20,18,9,2,2,0,0
sample_12,13099,3583,951,253,51,34,31,20,17,9,2,2,0,0
sample_13,12970,3437,912,257,44,32,30,18,16,9,2,2,0,0
sample_14,13045,3534,968,264,40,36,30,20,20,9,2,2,0,0
sample_15,12910,3419,929,247,48,37,29,18,17,9,2,2,0,0
sample_16,12927,3553,949,277,46,44,37,20,15,9,2,2,1,0
sample_17,13043,3488,940,262,47,40,34,19,17,9,2,2,0,0
sample_18,10845,1202,352,46,2,6,13,13,8,7,2,0,0,0
sample_19,13027,3567,930,262,46,40,28,19,17,9,2,2,0,0
sample_20,13079,3654,934,271,45,35,33,20,17,9,2,2,0,0
sample_21,12990,3683,936,252,47,31,29,22,20,9,2,1,0,0
sample_22,13086,3812,970,279,45,34,27,21,20,9,2,2,0,0
sample_23,13010,3760,1050,258,43,49,32,21,18,8,2,2,0,0
sample_24,13175,3798,1006,296,51,50,34,21,17,9,2,2,1,0
sample_25,13055,3464,955,268,44,42,31,20,18,8,2,2,0,0
sample_26,13154,3609,947,267,41,39,33,19,19,8,2,2,0,0
sample_27,13126,3676,954,268,41,42,32,19,18,8,2,2,0,0
sample_28,12099,2106,554,95,13,16,17,13,12,8,2,2,1,0
sample_29,12998,3448,883,258,40,37,30,19,17,9,2,2,0,0
sample_30,13040,3677,927,268,46,39,31,20,17,9,2,2,1,0
sample_31,7731,567,218,16,2,1,8,10,0,4,2,0,0,0
sample_32,13134,4002,1017,278,49,44,33,22,19,10,2,2,0,0
sample_33,9207,675,266,18,2,1,10,7,3,6,2,0,0,0
sample_34,13116,3675,932,265,42,35,30,16,17,9,2,2,1,0
sample_35,13178,3729,966,281,41,42,30,20,19,9,2,1,0,0
sample_36,13147,3693,967,266,47,40,32,20,18,9,2,2,0,0
sample_37,13097,3688,976,274,44,41,33,19,17,9,2,2,0,0
sample_38,13100,3677,988,264,44,40,34,20,18,9,2,2,1,0
sample_39,13056,3677,976,267,48,44,32,19,18,9,2,2,0,0
sample_40,13057,3480,929,239,41,37,36,20,17,9,2,2,1,0
sample_41,13140,3678,956,260,46,43,35,20,19,9,2,2,0,0
sample_42,13156,3669,953,267,42,37,33,20,18,9,2,2,0,0
sample_43,13105,3653,935,253,38,38,34,19,18,9,2,2,0,0
sample_44,12955,3583,879,237,43,37,31,19,17,8,2,2,0,0
sample_45,13121,3691,956,264,49,36,33,18,17,9,2,2,0,1
sample_46,13016,3696,1004,234,35,40,30,20,18,8,2,2,0,0
