,protein_coding,lncRNA,processed_pseudogene,Other,snoRNA,miRNA,snRNA,transcribed_unprocessed_pseudogene,tRNA,artifact,rRNA,ribozyme,transgene,vault_RNA
FF0036_1,8768,546,283,20,0,9,2,0,6,3,2,0,0,0
FF0086_1,13101,3529,1189,257,60,35,43,18,18,9,2,1,0,0
FF0140_1,13267,3913,1262,303,67,45,40,20,16,9,2,1,0,0
FF0141_1,13161,3690,1175,279,58,38,38,20,16,9,2,2,0,0
FF0142_1,13119,3668,1214,268,64,39,47,19,16,9,2,1,0,0
FF0143_1,13178,3715,1180,271,55,44,39,19,16,9,2,2,0,0
FF0144_1,13113,3631,1152,265,51,38,35,17,16,9,2,1,0,0
FF0145_1,13097,3494,1142,259,58,39,29,20,17,9,2,2,0,0
FF0172_1,13127,3675,1156,260,66,40,34,19,16,9,2,2,0,0
FF0173_1,13227,3738,1157,252,60,37,36,20,18,9,2,2,0,0
FF0174_1,13108,3412,1188,256,58,39,34,17,18,10,2,2,0,0
FF0175_1,13091,3525,1102,223,51,36,32,20,18,10,2,2,0,0
FF0176_1,13064,3409,1134,245,55,37,30,18,16,9,2,2,0,0
FF0177_1,13163,3745,1264,274,63,37,43,19,16,9,2,2,0,0
FF0178_1,13038,3369,1128,243,58,40,35,18,18,9,2,2,1,0
FF0179_1,13089,3561,1166,244,51,45,35,16,16,9,2,2,0,0
FF0180_1,13197,3707,1163,260,63,40,33,21,18,9,2,2,0,0
FF0181_1,13190,3567,1131,240,52,42,32,19,18,9,2,2,0,0
FF0183_1,13071,3259,1081,219,46,38,27,18,15,9,2,2,0,0
FF0184_1,13114,3398,1096,242,48,35,31,18,15,9,2,1,0,0
PDTC_1,13058,3485,1140,249,53,41,35,18,17,9,2,2,0,0
POS_1,13079,3566,1211,255,54,36,36,20,19,9,2,2,0,0
NEG_1,13078,3869,1230,246,54,35,30,20,19,9,2,1,0,0
FF0036_2,13168,3632,1203,264,62,39,42,16,19,9,2,2,0,0
FF0086_2,13144,3383,1130,242,61,39,34,19,18,9,2,1,0,0
FF0140_2,13178,3646,1164,266,59,40,36,20,16,9,2,2,0,0
FF0141_2,13140,3556,1121,257,52,40,31,18,17,9,2,1,0,0
FF0142_2,13093,3379,1111,242,56,38,31,15,17,9,2,2,0,0
FF0143_2,13158,3489,1138,257,49,40,38,18,16,9,2,2,0,0
FF0144_2,13067,3303,1087,214,54,34,30,17,16,9,2,2,0,0
FF0145_2,13210,3536,1223,264,61,37,35,19,19,9,2,2,0,0
FF0172_2,13086,3444,1178,227,54,38,26,18,16,9,2,2,0,0
FF0173_2,12325,2520,734,133,28,20,24,13,13,8,2,0,0,0
FF0174_2,13152,3391,1083,233,49,39,29,21,17,9,2,2,0,0
FF0175_2,13170,3427,1123,236,54,38,32,20,17,10,2,2,0,0
FF0176_2,11989,1838,673,89,21,19,5,11,12,9,2,1,0,0
FF0177_2,13063,3413,1102,237,53,36,34,16,18,9,2,2,0,0
FF0178_2,13031,3134,1161,215,49,31,26,16,18,9,2,2,0,0
FF0179_2,13073,3410,1123,235,55,39,30,15,16,9,2,2,0,0
FF0180_2,13101,3414,1153,239,53,37,33,17,17,9,2,2,0,0
FF0181_2,13069,3189,1045,222,45,37,23,18,15,9,2,2,0,0
FF0183_2,13154,3459,1154,244,58,37,32,17,17,9,2,2,0,0
FF0184_2,13090,3356,1137,230,53,35,35,18,17,9,2,2,0,0
PDTC_2,12969,2960,1001,168,42,35,19,16,16,9,2,2,0,0
POS_2,13219,3598,1148,266,57,37,36,19,18,9,2,2,0,0
NEG_2,13054,3764,1225,222,49,33,23,19,17,9,2,0,0,0
